{
    "accuracy": 0.6660240963855422,
    "precision": 0.7747440273037542
}
